_id,isPb,wpm,acc,rawWpm,consistency,charStats,mode,mode2,quoteLength,restartCount,testDuration,afkDuration,incompleteTestSeconds,punctuation,numbers,language,funbox,difficulty,lazyMode,blindMode,bailedOut,tags,timestamp
66b78937bbf6f4795f0f506a,,71.9,93,79.89,82.97,90;4;1;0,time,15,,8,15.02,0,32.98,false,false,english,none,normal,false,false,false,,1723304246029
66b78333bbf6f4795f0f1714,,75.95,93.46,85.55,84.76,95;4;1;1,time,15,,5,15.01,0,52.12,false,false,english,none,normal,false,false,false,,1723302705099
66b77394bbf6f4795f0e7c2c,,77.59,97.12,83.19,75.6,97;2;0;1,time,15,,0,15,0,0,false,false,english,none,normal,false,false,false,,1723298707430
66b77361bbf6f4795f0e7a2d,,62.34,92.78,77.52,74.21,78;3;0;3,time,15,,5,15.02,0,38.58,false,false,english,none,normal,false,false,false,,1723298656912
66b77312bbf6f4795f0e7742,,78.39,97.17,84.79,89.08,98;2;0;0,time,15,,0,15,0,0,false,false,english,none,normal,false,false,false,,1723298578175
66b772f6bbf6f4795f0e7625,,44,96.72,48.8,22.74,55;1;0;0,time,15,,2,15,4,22.37,false,false,english,none,normal,false,false,false,,1723298549993
66b77293bbf6f4795f0e723c,,67.2,100,67.2,61,84;0;0;0,time,15,,1,15,1,4.8,false,false,english,none,normal,false,false,false,,1723298450779
66b771d3bbf6f4795f0e69ed,,66.4,92.47,74.4,79.43,83;5;0;1,time,15,,0,15,0,0,false,false,english,none,normal,false,false,false,,1723298259208
66b771c3bbf6f4795f0e692e,,71.13,95,79.92,86.96,89;2;1;0,time,15,,4,15.02,0,11.99,false,false,english,none,normal,false,false,false,,1723298242360
66b76eeabbf6f4795f0e4b10,,71.2,97.87,75.19,74.29,89;1;0;0,time,15,,6,15,0,22.41,false,false,english,none,normal,false,false,false,,1723297513594
66b76ebcbbf6f4795f0e4955,,56.8,89.53,68.8,69.15,71;5;1;1,time,15,,2,15,0,5.57,false,false,english,none,normal,false,false,false,,1723297468127
66b76e99bbf6f4795f0e4828,,73.56,96.84,75.96,83.03,92;2;0;1,time,15,,4,15.01,0,21.67,false,false,english,none,normal,false,false,false,,1723297433295
66b76e6dbbf6f4795f0e4686,,57.59,89.36,75.19,74.29,72;5;1;1,time,15,,0,15,0,0,false,false,english,none,normal,false,false,false,,1723297389079
66b76e14bbf6f4795f0e433b,,64,96.59,70.4,67.74,80;1;1;0,time,15,,0,15,0,0,false,false,english,none,normal,false,false,false,,1723297299784
66b76e02bbf6f4795f0e427d,,63.2,93.26,71.2,73.55,79;3;1;0,time,15,,1,15,0,5.33,false,false,english,none,normal,false,false,false,,1723297281909
66b76debbbf6f4795f0e41a1,,66.4,92.71,76.79,86.26,83;4;0;1,time,15,,1,15,0,4.05,false,false,english,none,normal,false,false,false,,1723297258570
66b76dd4bbf6f4795f0e40aa,,69.6,95.65,73.6,61.5,87;2;1;0,time,15,,1,15,0,6.77,false,false,english,none,normal,false,false,false,,1723297235842
66b76dbbbbf6f4795f0e3fa0,,68,98.88,71.2,80.09,85;0;0;1,time,15,,3,15,0,10.06,false,false,english,none,normal,false,false,false,,1723297211117
66b76d9cbbf6f4795f0e3e89,,56.77,92.22,71.96,70.82,71;4;0;0,time,15,,2,15.01,0,13.02,false,false,english,none,normal,false,false,false,,1723297180241
66b76d7cbbf6f4795f0e3d6c,,72.79,100,72.79,70.85,91;0;0;0,time,15,,0,15,0,0,false,false,english,none,normal,false,false,false,,1723297147632
66b76d6bbbf6f4795f0e3cc9,,75.99,95.05,80.79,78.67,95;3;1;0,time,15,,2,15,0,16.62,false,false,english,none,normal,false,false,false,,1723297130632
66b76d47bbf6f4795f0e3b41,,66.31,94,79.89,82.97,83;2;1;0,time,15,,1,15.02,0,10.73,false,false,english,none,normal,false,false,false,,1723297094431
66b76d03bbf6f4795f0e3881,,72.72,96.88,76.71,82.14,91;2;0;0,time,15,,1,15.02,0,10.39,false,false,english,none,normal,false,false,false,,1723297026406
66b76cd9bbf6f4795f0e36ef,,55.17,92.13,71.16,61.36,69;4;0;0,time,15,,1,15.01,1,13.31,false,false,english,none,normal,false,false,false,,1723296983980
66b76cb3bbf6f4795f0e3598,,64.76,92.78,77.55,78.97,81;3;1;1,time,15,,1,15.01,0,1.49,false,false,english,none,normal,false,false,false,,1723296946953
66b76c97bbf6f4795f0e348f,,76.8,95.28,84.8,83.28,96;3;0;0,time,15,,0,15,0,0,false,false,english,none,normal,false,false,false,,1723296919015
66b76c86bbf6f4795f0e33e7,,70.32,94.06,80.71,77.34,88;4;0;0,time,15,,0,15.02,0,0,false,false,english,none,normal,false,false,false,,1723296901986
66b76c57bbf6f4795f0e3218,,75.15,100,75.15,74.96,94;0;0;0,time,15,,0,15.01,0,0,false,false,english,none,normal,false,false,false,,1723296855199
66b76c2abbf6f4795f0e306e,,78.39,100,78.39,82.44,98;0;0;0,time,15,,0,15,0,0,false,false,english,none,normal,false,false,false,,1723296809442
66b76bd8bbf6f4795f0e2d69,,60.75,93.26,71.14,77.42,76;4;0;1,time,15,,2,15.01,0,14.09,false,false,english,none,normal,false,false,false,,1723296728153
66b76bb6bbf6f4795f0e2c19,,79.16,98.02,80.76,82.46,99;1;0;1,time,15,,0,15.01,0,0,false,false,english,none,normal,false,false,false,,1723296693266
66b73ce0bbf6f4795f0c98be,,76.75,100,76.75,77.32,96;0;0;0,time,15,-1,4,15.01,0,24.62,false,false,english,none,normal,false,false,false,,1723284704000
66b73c85bbf6f4795f0c95aa,,79.99,97.14,83.99,80.48,100;2;0;0,time,15,-1,0,15,0,0,false,false,english,none,normal,false,false,false,,1723284613000
66b73c72bbf6f4795f0c950f,,68.75,93.94,79.14,79.45,86;3;1;1,time,15,-1,10,15.01,0,56.76,false,false,english,none,normal,false,false,false,,1723284594000
66b73033bbf6f4795f0c2f8a,,68,98.88,71.2,76.59,85;0;0;1,time,15,-1,0,15,0,0,false,false,english,none,normal,false,false,false,,1723281459000
66b7301cbbf6f4795f0c2ee1,,72.79,97.89,75.99,76.46,91;1;0;0,time,15,-1,0,15,0,0,false,false,english,none,normal,false,false,false,,1723281436000
66b7300abbf6f4795f0c2e44,,79.18,100,79.18,86.68,99;0;0;0,time,15,-1,4,15,0,20.16,false,false,english,none,normal,false,false,false,,1723281418000
66b3312e51009ca6b5d55378,,70.29,95.7,74.29,82.14,88;3;0;1,time,15,-1,5,15.02,0,10.74,false,false,english,none,normal,false,false,false,,1723019566000
66b31ad451009ca6b5d48991,,76.71,100,76.71,79.59,96;0;0;0,time,15,-1,0,15.02,0,0,false,false,english,none,normal,false,false,false,,1723013844000
66b2263751009ca6b5cc1e16,,75.16,93.75,89.56,87.19,94;4;0;2,time,15,-1,0,15.01,0,0,false,false,english,none,normal,false,false,false,,1722951223000
66b2260351009ca6b5cc1b81,true,91.16,100,91.16,90.63,114;0;0;0,time,15,-1,1,15.01,0,12.69,false,false,english,none,normal,false,false,false,,1722951171000
66b2243051009ca6b5cc0447,,74.29,96.26,85.47,87.6,93;1;0;2,time,15,-1,8,15.02,0,51.48,false,false,english,none,normal,false,false,false,,1722950704000
66b21be551009ca6b5cba2e4,,67.19,97.85,74.39,70.44,84;1;0;0,time,15,-1,8,15,0,50.77,false,false,english,none,normal,false,false,false,,1722948581000
66b21aac51009ca6b5cb95f6,,67.87,96.67,71.87,64.52,85;2;0;1,time,15,-1,9,15.03,0,31.71,false,false,english,none,normal,false,false,false,,1722948268000
66b2170751009ca6b5cb6fe8,,75.86,97.06,81.45,74.14,95;2;0;0,time,15,-1,0,15.03,0,0,false,false,english,none,normal,false,false,false,,1722947335000
66b216d551009ca6b5cb6dca,,83.86,97.32,89.45,86.28,105;1;1;0,time,15,-1,11,15.03,0,58.44,false,false,english,none,normal,false,false,false,,1722947285000
66b2153751009ca6b5cb5d0a,,70.29,97.83,73.49,57.16,88;1;0;1,time,15,-1,12,15.02,1,67.39,false,false,english,none,normal,false,false,false,,1722946871000
66b2140b51009ca6b5cb5054,,84.63,97.35,90.22,85.57,106;1;1;0,time,15,-1,3,15.03,0,24.85,false,false,english,none,normal,false,false,false,,1722946571000
66b20e9e51009ca6b5cb165d,,84.74,100,84.74,73.93,106;0;0;0,time,15,-1,5,15.01,0,43.04,false,false,english,none,normal,false,false,false,,1722945182000
66b20be351009ca6b5caf961,,83.55,97.35,89.92,88.26,105;2;0;0,time,15,-1,10,15.08,0,46.92,false,false,english,none,normal,false,false,false,,1722944483000
66b20ae751009ca6b5caf00c,,81.56,97.22,86.36,89.61,102;2;0;1,time,15,-1,3,15.01,0,27.93,false,false,english,none,normal,false,false,false,,1722944231000
66b1f51551009ca6b5ca1f8b,,71.95,88.6,91.13,88.43,90;7;2;2,time,15,-1,6,15.01,0,46.17,false,false,english,none,normal,false,false,false,,1722938645000
66b1ebba51009ca6b5c9c6ab,,83.18,97.2,85.58,60.09,104;3;0;0,time,15,-1,10,15,0,59.03,false,false,english,none,normal,false,false,false,,1722936250000
66b1d4f851009ca6b5c8ee55,,71.1,94.9,78.29,66.07,89;3;0;0,time,15,-1,5,15.02,0,36.35,false,false,english,none,normal,false,false,false,,1722930424000
66b1d14851009ca6b5c8cc2f,,75.95,91.23,91.15,87.47,95;6;1;1,time,15,-1,1,15.01,0,4.88,false,false,english,none,normal,false,false,false,,1722929480000
66b1d12051009ca6b5c8cabf,,86.29,94.26,97.48,88.24,108;5;0;1,time,15,-1,0,15.02,0,0,false,false,english,none,normal,false,false,false,,1722929440000
66b1d06d51009ca6b5c8c44d,,75.19,97.98,79.19,81,94;1;0;0,time,15,-1,15,15,0,100.86,false,false,english,none,normal,false,false,false,,1722929261000
66b0c27e51009ca6b5bf4471,,50.33,100,50.33,14.85,63;0;0;0,time,15,-1,3,15.02,6,17.23,false,false,english,none,normal,false,false,false,,1722860158000
66b08daf51009ca6b5bd4e69,,78.39,100,78.39,79.95,98;0;0;0,time,15,-1,0,15,0,0,false,false,english,none,normal,false,false,false,,1722846639000
66b08d9951009ca6b5bd4db5,,83.96,100,83.96,86.2,105;0;0;0,time,15,-1,0,15.01,0,0,false,false,english,none,normal,false,false,false,,1722846617000
66b0841b51009ca6b5bcf93f,,75.7,97,78.86,72.25,96;2;0;1,time,15,-1,5,15.22,0,28.61,false,false,english,none,normal,false,false,false,,1722844187000
66afa29051009ca6b5b6681a,,85.54,97.32,89.54,86.28,107;2;0;0,time,15,-1,9,15.01,0,41.83,false,false,english,none,normal,false,false,false,,1722786448000
66af9ef851009ca6b5b6448f,,81.51,97.14,83.91,81.19,102;2;0;1,time,15,-1,18,15.02,0,83.83,false,false,english,none,normal,false,false,false,,1722785528000
66af8a4251009ca6b5b5783b,,78.24,96.19,83.83,75.53,98;3;0;1,time,15,-1,2,15.03,0,14.04,false,false,english,none,normal,false,false,false,,1722780226000
66af89a451009ca6b5b57258,,79.87,99.05,83.87,80.48,100;0;0;1,time,15,-1,4,15.02,0,28.42,false,false,english,none,normal,false,false,false,,1722780068000
66af85f451009ca6b5b54f61,,78.24,95.28,84.63,82.5,98;4;0;0,time,15,-1,21,15.03,0,84.14,false,false,english,none,normal,false,false,false,,1722779124000
66af4c2551009ca6b5b36b40,,62.39,94.57,73.59,79.49,78;2;1;0,time,15,-1,1,15,0,3.83,false,false,english,none,normal,false,false,false,,1722764325000
66af4bfa51009ca6b5b369fd,,68.7,92.93,79.08,76.01,86;4;0;1,time,15,-1,2,15.02,0,11.58,false,false,english,none,normal,false,false,false,,1722764282000
66af4b8251009ca6b5b36661,,52,90.36,66.4,70.59,65;5;0;1,time,15,-1,1,15,0,8.36,false,false,english,none,normal,false,false,false,,1722764162000
66af4b2751009ca6b5b3639a,,73.59,98.96,76.78,74.61,92;0;0;1,time,15,-1,7,15,0,25.43,false,false,english,none,normal,false,false,false,,1722764071000
66ae0dff2769a6ddcb897878,,74.33,96.19,83.92,85.25,93;2;0;1,time,15,-1,2,15.01,0,10.7,false,false,english,none,normal,false,false,false,,1722682879000
66ae06d82769a6ddcb89418d,,73.6,100,73.6,80.37,92;0;0;0,time,15,-1,5,15,0,22.63,false,false,english,none,normal,false,false,false,,1722681048000
66acd29c2769a6ddcb7fb869,true,90.19,97.44,93.38,87.44,113;2;0;0,time,15,-1,15,15.04,0,51.02,false,false,english,none,normal,false,false,false,,1722602140000
66acd13c2769a6ddcb7fa9b4,,79.08,95.37,86.27,89.61,99;4;0;1,time,15,-1,40,15.02,0,158.96,false,false,english,none,normal,false,false,false,,1722601788000
66aca8b72769a6ddcb7e335c,,80.68,96.3,86.27,83.03,101;3;0;1,time,15,-1,2,15.02,0,6.82,false,false,english,none,normal,false,false,false,,1722591415000
66ac77312769a6ddcb7c795b,,73.59,95,79.99,81.29,92;4;0;1,time,15,-1,2,15,0,14.76,false,false,english,none,normal,false,false,false,,1722578737000
66ac76aa2769a6ddcb7c74fb,,64,90.48,83.99,81.19,80;4;2;2,time,15,-1,12,15,0,72.49,false,false,english,none,normal,false,false,false,,1722578602000
66ab7bc42769a6ddcb7400e4,,55.99,97.33,59.98,64.23,70;1;0;0,time,15,-1,5,15,0,24.22,false,false,english,none,normal,false,false,false,,1722514372000
66ab727f2769a6ddcb73a381,,66.32,94.95,79.11,77.32,83;1;1;1,time,15,-1,2,15.02,0,12.17,false,false,english,none,normal,false,false,false,,1722511999000
66ab72032769a6ddcb739ece,,84.74,100,84.74,89.08,106;0;0;0,time,15,-1,28,15.01,0,176.59,false,false,english,none,normal,false,false,false,,1722511875000
66aa7a682769a6ddcb6bec96,,79.14,99.04,83.13,86.61,99;0;0;1,time,15,-1,1,15.01,0,3.97,false,false,english,none,normal,false,false,false,,1722448488000
66aa0cae2769a6ddcb675e95,,85.53,95.61,91.12,73.34,107;4;0;1,time,15,-1,4,15.01,0,37.71,false,false,english,none,normal,false,false,false,,1722420398000
66aa0ac62769a6ddcb674d87,,73.49,97.94,77.49,71.28,92;1;0;0,time,15,-1,3,15.02,0,6.38,false,false,english,none,normal,false,false,false,,1722419910000
66aa0a7f2769a6ddcb674b30,,83.12,100,83.12,84.68,104;0;0;0,time,15,-1,11,15.02,0,75.03,false,false,english,none,normal,false,false,false,,1722419839000
66aa08442769a6ddcb673768,,71.97,96.91,77.57,76.81,90;1;0;1,time,15,-1,1,15.01,0,4.65,false,false,english,none,normal,false,false,false,,1722419268000
66aa082b2769a6ddcb673691,,81.53,98.11,84.73,77.2,102;0;1;0,time,15,-1,3,15.01,0,21.64,false,false,english,none,normal,false,false,false,,1722419243000
66aa06f02769a6ddcb672b1d,,71.18,97.89,75.98,48.98,89;1;0;0,time,15,-1,0,15,3,0,false,false,english,none,normal,false,false,false,,1722418928000
66a92ffa92ada08565ab413b,,83.14,95.12,98.33,89.85,104;3;0;2,time,15,-1,1,15.01,0,3.88,false,false,english,none,normal,false,false,false,,1722363898000
66a7e1ab92ada085659f8b7c,,78.34,95.28,84.74,81.76,98;4;0;0,time,15,-1,4,15.01,0,17.88,false,false,english,none,normal,false,false,false,,1722278315000
66a7a06d92ada085659cae6f,,88.69,100,88.69,88.12,111;0;0;0,time,15,-1,2,15.02,0,9.89,false,false,english,none,normal,false,false,false,,1722261613000
66a790de92ada085659bfaa9,,81.51,91.07,89.5,83.88,102;9;0;1,time,15,-1,7,15.02,0,40.57,false,false,english,none,normal,false,false,false,,1722257630000
66a78fc992ada085659bef66,,72.79,92.16,81.58,77.09,91;6;0;1,time,15,-1,0,15,0,0,false,false,english,none,normal,false,false,false,,1722257353000
66a78fb992ada085659beec6,,76.79,93.91,91.99,67.12,96;4;0;0,time,15,-1,0,15,0,0,false,false,english,none,normal,false,false,false,,1722257337000
66a78ee392ada085659be622,,73.57,95.83,76.76,73.36,92;3;0;1,time,15,-1,11,15.01,0,44.36,false,false,english,none,normal,false,false,false,,1722257123000
66a7875b92ada085659b9664,,87.16,99.12,90.36,86.41,109;0;0;1,time,15,-1,3,15.01,0,27.36,false,false,english,none,normal,false,false,false,,1722255195000
66a7823a92ada085659b62dd,,72.74,97.96,78.33,79.19,91;1;0;2,time,15,-1,2,15.01,0,2.7,false,false,english,none,normal,false,false,false,,1722253882000
66a77a4b92ada085659b16b3,,72.78,95.24,83.97,63.13,91;3;0;1,time,15,-1,14,15.01,0,87.39,false,false,english,none,normal,false,false,false,,1722251851000
66a726ae4e481c00f5ada902,,78.31,98.1,83.9,88.34,98;1;0;0,time,15,-1,7,15.02,0,23.44,false,false,english,none,normal,false,false,false,,1722230446000
66a7267e4e481c00f5ada769,,75.13,91.51,84.73,81.76,94;6;1;1,time,15,-1,6,15.01,0,26.53,false,false,english,none,normal,false,false,false,,1722230398000
66a721c24e481c00f5ad7e99,,71.19,93.27,83.19,81.4,89;3;1;0,time,15,-1,2,15,0,12.38,false,false,english,none,normal,false,false,false,,1722229186000
66a65d5d4e481c00f5a7ee4e,,75.17,94.29,83.97,77.87,94;3;1;1,time,15,-1,0,15.01,0,0,false,false,english,none,normal,false,false,false,,1722178909000
66a6174e4e481c00f5a58918,,78.38,100,78.38,78.45,98;0;0;0,time,15,-1,6,15,0,29.2,false,false,english,none,normal,false,false,false,,1722160974000
66a539194e481c00f5a015ce,,66.39,90.91,79.18,72.45,83;6;0;1,time,15,-1,3,15,0,14.77,false,false,english,none,normal,false,false,false,,1722104089000
669e0fac82df16123dda60b4,,78.35,98.04,81.55,70.99,98;1;0;0,time,15,-1,2,15.01,0,13.63,false,false,english,none,normal,false,false,false,,1721634732000
669e0f8b82df16123dda5f83,,64.78,91.26,79.98,80.2,81;3;0;0,time,15,-1,0,15,0,0,false,false,english,none,normal,false,false,false,,1721634699000
669e0f7a82df16123dda5eed,,79.99,97.09,79.99,84.17,100;0;0;0,time,15,-1,2,15,0,2.59,false,false,english,none,normal,false,false,false,,1721634682000
669d07f482df16123dd2a3b5,,71.93,96.12,80.72,84.17,90;0;0;2,time,15,-1,2,15.01,0,14.2,false,false,english,none,normal,false,false,false,,1721567220000
669d071c82df16123dd29ce7,,66.32,93.55,71.91,76.3,83;1;1;0,time,15,-1,2,15.02,0,26.12,false,false,english,none,normal,false,false,false,,1721567004000
669d069e82df16123dd29885,,55.95,90.12,59.14,68.43,70;1;0;1,time,15,-1,2,15.01,0,12.51,false,false,english,none,normal,false,false,false,,1721566878000
669d067482df16123dd29736,,67.13,97.75,71.12,70.83,84;1;0;0,time,15,-1,1,15.02,0,4.37,false,false,english,none,normal,false,false,false,,1721566836000
669d062f82df16123dd294c1,,63.94,97.65,67.94,76.18,80;1;0;0,time,15,-1,2,15.01,0,12.01,false,false,english,none,normal,false,false,false,,1721566767000
669d060c82df16123dd29388,,67.2,94.74,75.99,79.48,84;3;0;2,time,15,-1,2,15,0,2.26,false,false,english,none,normal,false,false,false,,1721566732000
669d05f682df16123dd292dd,,75.98,96.94,75.98,84.32,95;0;0;0,time,15,-1,0,15,0,0,false,false,english,none,normal,false,false,false,,1721566710000
669bc96082df16123dca076d,,58.4,100,58.4,61.13,73;0;0;0,time,15,-1,1,15,0,4.44,false,false,english,none,normal,false,false,false,,1721485664000
669bc94f82df16123dca06bf,,64.75,100,64.75,75.81,81;0;0;0,time,15,-1,2,15.01,0,11.91,false,false,english,none,normal,false,false,false,,1721485647000
669b8ec582df16123dc81fed,,70.36,92.93,75.16,65.11,88;0;1;0,time,15,-1,0,15.01,0,0,false,false,english,none,normal,false,false,false,,1721470661000
669b8d8682df16123dc81609,,85.57,98.21,89.56,86.28,107;1;0;0,time,15,-1,1,15.01,0,8.06,false,false,english,none,normal,false,false,false,,1721470342000
669b733282df16123dc74c68,,64.77,95.45,67.97,73.69,81;0;0;1,time,15,-1,1,15.01,0,13.13,false,false,english,none,normal,false,false,false,,1721463602000
669b72d082df16123dc7498a,,75.17,100,75.17,79.43,94;0;0;0,time,15,-1,1,15.01,0,1.47,false,false,english,none,normal,false,false,false,,1721463504000
669b72b382df16123dc748aa,,71.2,97.87,74.4,74.29,89;0;0;1,time,15,-1,0,15,0,0,false,false,english,none,normal,false,false,false,,1721463475000
669b711d82df16123dc73d86,,56.8,94.87,62.4,63.39,71;2;1;0,time,15,-1,1,15,1,9.81,false,false,english,none,normal,false,false,false,,1721463069000
669b688a82df16123dc6ff61,,72.79,100,72.79,82.49,91;0;0;0,time,15,-1,0,15,0,0,false,false,english,none,normal,false,false,false,,1721460874000
669b677782df16123dc6f7cc,,72.62,97.92,76.61,76.62,91;1;0;0,time,15,-1,0,15.04,0,0,false,false,english,none,normal,false,false,false,,1721460599000
669b663382df16123dc6eeb5,,67.19,93.68,72.79,69.68,84;2;0;1,time,15,-1,1,15,0,26.92,false,false,english,none,normal,false,false,false,,1721460275000
669ac63d82df16123dc333b9,,76.78,96.08,80.78,72.52,96;2;0;1,time,15,-1,4,15,0,24.55,false,false,english,none,normal,false,false,false,,1721419325000
669a5d7c82df16123dbf4a2c,,65.59,93.75,75.19,75.93,82;2;0;1,time,15,-1,1,15,0,11.04,false,false,english,none,normal,false,false,false,,1721392508000
669a5aa982df16123dbf2dfa,,67.2,91.4,71.2,66.07,84;4;0;1,time,15,-1,1,15,0,13.58,false,false,english,none,normal,false,false,false,,1721391785000
669a5a8982df16123dbf2cac,,55.99,85.57,75.18,81.39,70;6;2;0,time,15,-1,4,15,0,29.34,false,false,english,none,normal,false,false,false,,1721391753000
669a5a3e82df16123dbf29a7,,70.37,97.87,75.17,81.15,88;0;1;0,time,15,-1,0,15.01,0,0,false,false,english,none,normal,false,false,false,,1721391678000
669a5a2d82df16123dbf28eb,,68.8,98.88,68.8,72.16,86;0;0;0,time,15,-1,4,15,0,19.58,false,false,english,none,normal,false,false,false,,1721391661000
669a59fe82df16123dbf26c5,,72,98.9,72,75.58,90;0;0;0,time,15,-1,1,15,0,13.57,false,false,english,none,normal,false,false,false,,1721391614000
669a59de82df16123dbf2583,,63.2,96.43,65.6,63.82,79;1;0;0,time,15,-1,3,15,0,20.8,false,false,english,none,normal,false,false,false,,1721391582000
6699816f82df16123db8fcf9,,34.38,80.56,55.96,53.05,43;7;0;5,time,15,-1,0,15.01,0,0,false,false,english,none,normal,false,false,false,,1721336175000
669980e282df16123db8f8eb,,75.19,97.96,77.59,79.95,94;1;0;0,time,15,-1,0,15,0,0,false,false,english,none,normal,false,false,false,,1721336034000
669980d082df16123db8f873,,66.37,93.33,67.97,67.23,83;1;0;0,time,15,-1,1,15.01,0,2.32,false,false,english,none,normal,false,false,false,,1721336016000
669980bb82df16123db8f7d3,,51.95,92.68,63.94,53.85,65;3;0;0,time,15,-1,16,15.01,0,70.9,false,false,english,none,normal,false,false,false,,1721335995000
6699803282df16123db8f412,,81.51,98.13,85.5,85.64,102;1;0;0,time,15,-1,3,15.02,0,14.28,false,false,english,none,normal,false,false,false,,1721335858000
6699800382df16123db8f2e0,,83.08,98.2,88.67,83.05,104;1;0;0,time,15,-1,0,15.02,0,0,false,false,english,none,normal,false,false,false,,1721335811000
66997fef82df16123db8f259,,68,89.91,87.2,85.38,85;6;1;0,time,15,-1,0,15,0,0,false,false,english,none,normal,false,false,false,,1721335791000
66997fde82df16123db8f1d3,,59.19,84.62,83.19,67.77,74;11;0;2,time,15,-1,0,15,0,0,false,false,english,none,normal,false,false,false,,1721335774000
66997fcd82df16123db8f15b,,68.68,93.88,75.87,77.05,86;2;0;0,time,15,-1,1,15.03,0,4.22,false,false,english,none,normal,false,false,false,,1721335757000
66997fb682df16123db8f0b2,,62.39,94.12,65.59,57.94,78;1;0;1,time,15,-1,0,15,0,0,false,false,english,none,normal,false,false,false,,1721335734000
66997f6482df16123db8ee87,,83.13,98.18,87.92,82.99,104;2;0;0,time,15,-1,4,15.01,0,12.51,false,false,english,none,normal,false,false,false,,1721335652000
66997f4282df16123db8ed96,,53.59,86.75,64.78,66.44,67;6;0;1,time,15,-1,0,15,0,0,false,false,english,none,normal,false,false,false,,1721335618000
66997f3182df16123db8ecf8,,56.8,93.98,64.8,61.05,71;1;0;1,time,15,-1,0,15,0,0,false,false,english,none,normal,false,false,false,,1721335601000
66997f2082df16123db8ec8a,,76,98.99,79.2,65.99,95;0;0;1,time,15,-1,0,15,0,0,false,false,english,none,normal,false,false,false,,1721335584000
66997f0f82df16123db8ec06,,71.97,97.92,74.37,78.81,90;0;0;1,time,15,-1,8,15.01,0,33.79,false,false,english,none,normal,false,false,false,,1721335567000
66997ec882df16123db8e9d9,,63.91,95.7,74.3,79.43,80;1;0;2,time,15,-1,2,15.02,0,7.73,false,false,english,none,normal,false,false,false,,1721335496000
66997eac82df16123db8e90b,,76.74,100,76.74,82.14,96;0;0;0,time,15,-1,9,15.01,0,53.48,false,false,english,none,normal,false,false,false,,1721335468000
66997e5782df16123db8e6e2,,70.33,96.84,74.33,71.95,88;1;0;0,time,15,-1,2,15.01,0,6.89,false,false,english,none,normal,false,false,false,,1721335383000
66997e3e82df16123db8e626,,73.47,97.98,76.67,77.32,92;0;0;1,time,15,-1,1,15.03,0,12.52,false,false,english,none,normal,false,false,false,,1721335357000
66997e0682df16123db8e4a3,,65.53,92.55,74.32,76.36,82;3;1;1,time,15,-1,4,15.02,0,21.01,false,false,english,none,normal,false,false,false,,1721335302000
66997dd982df16123db8e35f,,67.15,94.9,77.54,74.47,84;2;0;1,time,15,-1,5,15.01,0,24.55,false,false,english,none,normal,false,false,false,,1721335257000
66997da082df16123db8e1ad,,64,90,70.4,74.18,80;5;0;1,time,15,-1,0,15,0,0,false,false,english,none,normal,false,false,false,,1721335200000
66997d9082df16123db8e12a,,70.4,96.94,75.19,71.58,88;1;0;0,time,15,-1,5,15,0,37.46,false,false,english,none,normal,false,false,false,,1721335184000
66995a1982df16123db7c831,,71.17,100,71.17,71.49,89;0;0;0,time,15,-1,2,15.01,0,6.99,false,false,english,none,normal,false,false,false,,1721326105000
669959fe82df16123db7c74c,,69.49,95.74,72.69,67.32,87;1;0;1,time,15,-1,19,15.02,0,132.16,false,false,english,none,normal,false,false,false,,1721326078000
6698eb8382df16123db36e74,,78.37,96.26,85.57,87.6,98;2;0;2,time,15,-1,4,15.01,0,18.25,false,false,english,none,normal,false,false,false,,1721297795000
6698e2c282df16123db32220,,78.37,99.02,81.57,85.59,98;0;0;1,time,15,-1,6,15.01,0,38.66,false,false,english,none,normal,false,false,false,,1721295554000
6698dfdd82df16123db30884,,78.37,96.26,83.97,77.77,98;1;0;0,time,15,-1,3,15.01,0,27.25,false,false,english,none,normal,false,false,false,,1721294813000
6698ce3682df16123db2662d,,70.33,93.14,81.52,84.62,88;3;1;1,time,15,-1,3,15.02,0,17.76,false,false,english,none,normal,false,false,false,,1721290294000
6698b09282df16123db15efe,,85.57,99.07,85.57,87.37,107;0;0;0,time,15,-1,3,15.01,0,14.85,false,false,english,none,normal,false,false,false,,1721282706000
669816e582df16123dad3952,,71.19,98.91,73.59,88.29,89;1;0;0,time,15,-1,1,15,0,5.98,false,false,english,none,normal,false,false,false,,1721243365000
669816cc82df16123dad3880,,71.13,97.85,74.33,71.03,89;2;0;0,time,15,-1,7,15.01,0,33.31,false,false,english,none,normal,false,false,false,,1721243340000
6697e2e682df16123dab2d3e,,71.97,95.83,75.97,75.26,90;2;0;0,time,15,-1,3,15.01,0,7.26,false,false,english,none,normal,false,false,false,,1721230054000
66977b9582df16123da72209,,64.77,96.55,67.96,69.03,81;0;0;1,time,15,-1,21,15.01,0,130.88,false,false,english,none,normal,false,false,false,,1721203605000
669778f382df16123da70af9,,67.97,97.73,67.97,67.74,85;0;0;0,time,15,-1,2,15.01,0,9.44,false,false,english,none,normal,false,false,false,,1721202931000
669778d382df16123da709ca,,68.76,94.06,78.36,77.34,86;1;0;1,time,15,-1,2,15.01,0,15.35,false,false,english,none,normal,false,false,false,,1721202899000
669778a082df16123da707f0,,76.75,96.15,83.15,85.61,96;1;1;1,time,15,-1,0,15.01,0,0,false,false,english,none,normal,false,false,false,,1721202848000
6697788882df16123da70719,,77.56,97.06,77.56,73.05,97;0;0;0,time,15,-1,1,15.01,0,4.79,false,false,english,none,normal,false,false,false,,1721202824000
6697787182df16123da70641,,55.19,96,57.58,60.02,69;1;0;0,time,15,-1,2,15,0,8.66,false,false,english,none,normal,false,false,false,,1721202801000
6697785682df16123da70567,,59.16,93.1,65.56,63.2,74;0;0;1,time,15,-1,4,15.01,0,20.09,false,false,english,none,normal,false,false,false,,1721202774000
6697744682df16123da6de4e,,70.37,96.81,75.16,74.29,88;2;0;0,time,15,-1,3,15.01,0,24.87,false,false,english,none,normal,false,false,false,,1721201734000
6697740e82df16123da6dc53,,73.57,98.92,73.57,70.44,92;0;0;0,time,15,-1,6,15.01,0,40.6,false,false,english,none,normal,false,false,false,,1721201678000
6697737c82df16123da6d768,,67.95,100,67.95,68,85;0;0;0,time,15,-1,0,15.01,0,0,false,false,english,none,normal,false,false,false,,1721201532000
6697736b82df16123da6d6d6,,74.39,92.23,79.19,74.57,93;3;0;0,time,15,-1,2,15,0,18.83,false,false,english,none,normal,false,false,false,,1721201515000
66960fc8c245cfb7569be20b,,69.57,94.29,82.37,84.35,87;2;0;1,time,15,-1,2,15.01,0,7.51,false,false,english,none,normal,false,false,false,,1721110472000
668e915d9b66a9bab0760ec6,,62.39,95.35,67.19,73.38,78;0;2;0,time,15,-1,0,15,0,0,false,false,english,none,normal,false,false,false,,1720619357000
668e914c9b66a9bab0760e15,,52.8,93.24,52.8,61.23,66;0;0;0,time,15,-1,0,15,0,0,false,false,english,none,normal,false,false,false,,1720619339000
668e913c9b66a9bab0760d66,,64.78,94.19,64.78,77.51,81;0;0;0,time,15,-1,6,15.01,0,44.22,false,false,english,none,normal,false,false,false,,1720619324000
668e7a689b66a9bab0750fef,,76.75,100,76.75,75.26,96;0;0;0,time,15,-1,4,15.01,0,20.87,false,false,english,none,normal,false,false,false,,1720613480000
668e6e009b66a9bab07495d0,,77.4,91.59,84.58,75.52,97;5;1;0,time,15,-1,7,15.04,0,38.81,false,false,english,none,normal,false,false,false,,1720610304000
668e6c9f9b66a9bab0748964,,74.35,97.96,77.55,76.38,93;0;0;1,time,15,-1,1,15.01,0,13.08,false,false,english,none,normal,false,false,false,,1720609951000
668e6c3f9b66a9bab07485ea,,3.2,75,3.2,0,4;0;0;0,time,15,-1,0,15,9,0,false,false,english,none,normal,false,false,false,,1720609855000
668e6c2e9b66a9bab0748546,,70.34,96.81,74.34,74.96,88;0;1;0,time,15,-1,0,15.01,0,0,false,false,english,none,normal,false,false,false,,1720609838000
668bca5f8fe0103e5f7b529b,,79.98,98.04,79.98,77.73,100;0;0;0,time,15,-1,5,15,0,23.21,false,false,english,none,normal,false,false,false,,1720437343000
668ab32f8fe0103e5f730e7c,,74.32,95.88,77.52,86.32,93;3;0;1,time,15,-1,9,15.02,0,34.79,false,false,english,none,normal,false,false,false,,1720365871000
668a68ad8fe0103e5f70946d,true,89.54,100,89.54,87.19,112;0;0;0,time,15,-1,9,15.01,0,40.96,false,false,english,none,normal,false,false,false,,1720346797000
668a67f08fe0103e5f708e76,,79.97,99.01,79.97,75.47,100;0;0;0,time,15,-1,8,15.01,0,55.73,false,false,english,none,normal,false,false,false,,1720346608000
668a66698fe0103e5f7081eb,,70.3,93.75,73.5,68.86,88;1;0;0,time,15,-1,3,15.02,0,19.8,false,false,english,none,normal,false,false,false,,1720346217000
668a65fa8fe0103e5f707e4a,,87.96,97.44,93.56,80.59,110;2;0;0,time,15,-1,1,15.01,0,13.58,false,false,english,none,normal,false,false,false,,1720346106000
668a65678fe0103e5f707a29,,80.77,97.25,87.17,89.38,101;2;0;1,time,15,-1,1,15.01,0,2.05,false,false,english,none,normal,false,false,false,,1720345959000
668a636b8fe0103e5f706ae8,,79.12,97.2,83.91,88.71,99;1;0;1,time,15,-1,1,15.02,0,10.37,false,false,english,none,normal,false,false,false,,1720345451000
668a634d8fe0103e5f7069fd,,73.59,89.62,82.38,83.28,92;6;0;1,time,15,-1,1,15,0,12.07,false,false,english,none,normal,false,false,false,,1720345421000
668a63288fe0103e5f7068dd,,85.58,100,85.58,83.92,107;0;0;0,time,15,-1,1,15,0,7.76,false,false,english,none,normal,false,false,false,,1720345384000
66897c178fe0103e5f6ada17,,69.56,95.7,72.76,71.03,87;1;0;1,time,15,-1,2,15.01,0,6.7,false,false,english,none,normal,false,false,false,,1720286231000
66897be68fe0103e5f6ad87c,,64,84.54,76,78.97,80;10;1;1,time,15,-1,1,15,0,5.32,false,false,english,none,normal,false,false,false,,1720286182000
66891d8e8fe0103e5f67aa44,,69.56,94.34,83.96,80.35,87;3;0;2,time,15,-1,1,15.01,0,2.3,false,false,english,none,normal,false,false,false,,1720262030000
66891d798fe0103e5f67a9a1,,82.39,97.17,82.39,76.62,103;0;0;0,time,15,-1,1,15,0,7.01,false,false,english,none,normal,false,false,false,,1720262009000
66891d268fe0103e5f67a730,,73.51,91.74,85.5,80.24,92;5;0;2,time,15,-1,1,15.02,0,8.62,false,false,english,none,normal,false,false,false,,1720261926000
66891d0b8fe0103e5f67a66b,,79.96,96.3,84.75,77.78,100;1;0;0,time,15,-1,4,15.01,0,23.16,false,false,english,none,normal,false,false,false,,1720261899000
66891cdf8fe0103e5f67a526,,55.19,80.37,83.18,87.6,69;10;0;4,time,15,-1,6,15,0,23.13,false,false,english,none,normal,false,false,false,,1720261855000
66891c428fe0103e5f67a06f,,69.53,95.96,78.32,76.66,87;1;0;2,time,15,-1,1,15.02,0,10.99,false,false,english,none,normal,false,false,false,,1720261698000
66891bdb8fe0103e5f679d51,,79.98,96.26,84.78,77.18,100;2;0;1,time,15,-1,2,15,0,11.43,false,false,english,none,normal,false,false,false,,1720261595000
66891bbd8fe0103e5f679c6e,,72.8,92.86,72.8,69.46,91;0;0;0,time,15,-1,3,15,0,10.34,false,false,english,none,normal,false,false,false,,1720261565000
66891adf8fe0103e5f6795be,,74.4,96.91,74.4,72.42,93;0;0;0,time,15,-1,0,15,0,0,false,false,english,none,normal,false,false,false,,1720261343000
66891acd8fe0103e5f67953d,,71.19,95,79.98,78.32,89;2;1;1,time,15,-1,5,15,0,18.47,false,false,english,none,normal,false,false,false,,1720261325000
66891aa48fe0103e5f679409,,78.39,96.33,87.19,82.26,98;1;1;1,time,15,-1,3,15,0,25.74,false,false,english,none,normal,false,false,false,,1720261284000
668919de8fe0103e5f678dee,,82.39,95.61,91.19,84.96,103;3;1;0,time,15,-1,0,15,0,0,false,false,english,none,normal,false,false,false,,1720261086000
668909e28fe0103e5f6715c0,,82.39,98.1,82.39,81.19,103;0;0;0,time,15,-1,1,15,0,5.99,false,false,english,none,normal,false,false,false,,1720256994000
668906a98fe0103e5f66fe01,,79.99,94.64,88.79,89.21,100;3;0;0,time,15,-1,4,15,0,19.45,false,false,english,none,normal,false,false,false,,1720256169000
6688759c8fe0103e5f63841a,,73.6,98,79.99,78.32,92;1;0;0,time,15,-1,5,15,0,27.78,false,false,english,none,normal,false,false,false,,1720219036000
668875688fe0103e5f63831f,,78.32,96.26,84.72,86.59,98;2;0;1,time,15,-1,5,15.02,0,41.08,false,false,english,none,normal,false,false,false,,1720218984000
668874ce8fe0103e5f63804f,,75.97,95.1,81.57,89,95;3;0;2,time,15,-1,1,15.01,0,5.63,false,false,english,none,normal,false,false,false,,1720218830000
668874b78fe0103e5f637fd7,,79.94,99.01,79.94,84.22,100;0;0;0,time,15,-1,8,15.01,0,47.82,false,false,english,none,normal,false,false,false,,1720218807000
668868e98fe0103e5f633f6f,,86.39,100,86.39,86.39,108;0;0;0,time,15,-1,2,15,0,9.96,false,false,english,none,normal,false,false,false,,1720215785000
668868cb8fe0103e5f633ecc,,69.6,94.95,76.79,78.72,87;1;0;2,time,15,-1,7,15,0,49.29,false,false,english,none,normal,false,false,false,,1720215755000
668868258fe0103e5f633b25,,75.99,97,79.99,85.86,95;2;0;1,time,15,-1,11,15,0,36.14,false,false,english,none,normal,false,false,false,,1720215589000
668867d58fe0103e5f633953,,83.09,98.17,87.08,86.27,104;1;0;1,time,15,-1,6,15.02,0,38.78,false,false,english,none,normal,false,false,false,,1720215509000
668571cb2bf96eebd6e4b96e,,60.8,93.1,67.2,74.66,76;1;0;2,time,15,-1,5,15,0,18.02,false,false,english,none,normal,false,false,false,,1720021451000
668570142bf96eebd6e4a559,,61.58,91.49,73.57,73,77;2;2;0,time,15,-1,4,15.01,0,21.59,false,false,english,none,normal,false,false,false,,1720021012000
668505c4dad499adcdbd0058,,83.91,97.27,87.11,79.07,105;1;0;0,time,15,-1,5,15.02,0,20.85,false,false,english,none,normal,false,false,false,,1719993796000
66840b2c71cb2c5f00c8209f,,72.74,93.2,81.53,82.47,91;5;0;1,time,15,-1,2,15.01,0,6.18,false,false,english,none,normal,false,false,false,,1719929644000
66840b0971cb2c5f00c81f18,,87.14,98.25,91.14,85.75,109;1;0;0,time,15,-1,1,15.01,0,1.47,false,false,english,none,normal,false,false,false,,1719929609000
6683f0db71cb2c5f00c70091,,73.58,91.59,85.57,88.71,92;6;0;2,time,15,-1,3,15.01,0,22.16,false,false,english,none,normal,false,false,false,,1719922907000
6683e90371cb2c5f00c6b325,,83.88,100,83.88,90.96,105;0;0;0,time,15,-1,4,15.02,0,29.78,false,false,english,none,normal,false,false,false,,1719920899000
6683aba871cb2c5f00c488db,,83.93,94.78,91.92,86.81,105;4;0;0,time,15,-1,13,15.01,0,60.16,false,false,english,none,normal,false,false,false,,1719905192000
66839fa771cb2c5f00c41c7f,,71.94,97.87,75.13,77.84,90;1;0;1,time,15,-1,7,15.01,0,41.36,false,false,english,none,normal,false,false,false,,1719902119000
66839f1071cb2c5f00c41742,,68.74,93.81,76.73,74.83,86;3;0;0,time,15,-1,10,15.01,0,23.31,false,false,english,none,normal,false,false,false,,1719901968000
66839e7b71cb2c5f00c41212,,76.61,97.96,78.21,89.01,96;2;0;0,time,15,-1,2,15.04,0,2.77,false,false,english,none,normal,false,false,false,,1719901819000
66839e6271cb2c5f00c41133,,63.2,91.58,75.19,75.09,79;4;0;1,time,15,-1,0,15,0,0,false,false,english,none,normal,false,false,false,,1719901794000
66839e5071cb2c5f00c4107e,,68.75,93.68,74.34,76.46,86;3;0;1,time,15,-1,0,15.01,0,0,false,false,english,none,normal,false,false,false,,1719901776000
66839e0571cb2c5f00c40db9,,68,97.73,68,63.26,85;0;0;0,time,15,-1,0,15,0,0,false,false,english,none,normal,false,false,false,,1719901701000
66839dbf71cb2c5f00c40b30,,79.93,100,79.93,83.88,100;0;0;0,time,15,-1,3,15.01,0,21.6,false,false,english,none,normal,false,false,false,,1719901631000
66839bd871cb2c5f00c3f972,,67.08,91.75,75.07,69.67,84;3;0;2,time,15,-1,0,15.03,0,0,false,false,english,none,normal,false,false,false,,1719901144000
66839baa71cb2c5f00c3f7c2,,77.54,100,77.54,84.16,97;0;0;0,time,15,-1,8,15.01,0,54.87,false,false,english,none,normal,false,false,false,,1719901097000
66839af571cb2c5f00c3f1dc,,73.51,96.84,73.51,71.37,92;0;0;0,time,15,-1,8,15.02,0,54.96,false,false,english,none,normal,false,false,false,,1719900917000
6683994271cb2c5f00c3e31a,,61.55,98.72,61.55,50.35,77;0;0;0,time,15,-1,1,15.01,0,6.33,false,false,english,none,normal,false,false,false,,1719900482000
6683990571cb2c5f00c3e10b,,77.59,97,79.99,88.17,97;2;0;1,time,15,-1,1,15,0,1.24,false,false,english,none,normal,false,false,false,,1719900421000
6683989b71cb2c5f00c3dd24,,77.52,98,79.91,80.51,97;1;0;0,time,15,-1,1,15.02,0,4.74,false,false,english,none,normal,false,false,false,,1719900315000
6683985471cb2c5f00c3daa7,,75.97,98.96,75.97,81.25,95;0;0;0,time,15,-1,1,15.01,0,0.74,false,false,english,none,normal,false,false,false,,1719900244000
6683982571cb2c5f00c3d906,,79.98,96.26,85.58,83.13,100;2;0;2,time,15,-1,0,15,0,0,false,false,english,none,normal,false,false,false,,1719900197000
66818a356dc967ef98f15b49,,71.1,85.59,88.67,85.36,89;12;0;1,time,15,-1,3,15.02,0,3.92,false,false,english,none,normal,false,false,false,,1719765557000
668180296dc967ef98f101dd,,68,95.19,83.19,88.87,85;2;0;1,time,15,-1,2,15,0,16.19,false,false,english,none,normal,false,false,false,,1719762985000
668180056dc967ef98f1008b,,80.79,92.98,91.19,85.75,101;5;0;3,time,15,-1,1,15,0,12.1,false,false,english,none,normal,false,false,false,,1719762949000
66817f926dc967ef98f0fc8c,,72,97.83,72,80.37,90;0;0;0,time,15,-1,0,15,0,0,false,false,english,none,normal,false,false,false,,1719762834000
66817f826dc967ef98f0fbfd,,65.6,92.71,76.8,80.4,82;3;1;1,time,15,-1,1,15,0,6.82,false,false,english,none,normal,false,false,false,,1719762818000
66817f696dc967ef98f0fb09,,74.39,95.15,79.18,77.52,93;0;0;1,time,15,-1,1,15,0,3.45,false,false,english,none,normal,false,false,false,,1719762793000
667feece6dc967ef98e610e8,,84.76,100,84.76,81.76,106;0;0;0,time,15,-1,0,15.01,0,0,false,false,english,none,normal,false,false,false,,1719660238000
667feebf6dc967ef98e61080,,71.19,93.27,83.18,77.99,89;4;0;1,time,15,-1,5,15,0,31,false,false,english,none,normal,false,false,false,,1719660223000
667fdadd6dc967ef98e577fc,,64,95.35,68,83.8,80;2;0;1,time,15,-1,2,15,0,4.03,false,false,english,none,normal,false,false,false,,1719655133000
667fd9746dc967ef98e56d33,,77.6,100,77.6,83.19,97;0;0;0,time,15,-1,0,15,0,0,false,false,english,none,normal,false,false,false,,1719654772000
667fd9626dc967ef98e56cb0,,65.6,96.47,65.6,72.92,82;0;0;0,time,15,-1,7,15,0,18.19,false,false,english,none,normal,false,false,false,,1719654754000
667fd90c6dc967ef98e56a2b,,66.4,93.48,72.8,73.47,83;3;0;1,time,15,-1,0,15,0,0,false,false,english,none,normal,false,false,false,,1719654668000
667fd6326dc967ef98e5552b,,71.17,95.79,74.37,78.69,89;1;0;1,time,15,-1,0,15.01,0,0,false,false,english,none,normal,false,false,false,,1719653938000
667f053a6dc967ef98e0296b,,71.98,98.9,71.98,68.46,90;0;0;0,time,15,-1,1,15.01,0,12.16,false,false,english,none,normal,false,false,false,,1719600442000
667f04406dc967ef98e020be,,72,97.85,72,75.58,90;0;0;0,time,15,-1,1,15,0,0.89,false,false,english,none,normal,false,false,false,,1719600192000
667f040e6dc967ef98e01ef0,,67.2,95.65,72,76.29,84;1;0;0,time,15,-1,3,15,0,14.87,false,false,english,none,normal,false,false,false,,1719600142000
667f03e26dc967ef98e01d72,,66.4,97.7,69.6,77.13,83;1;0;0,time,15,-1,2,15,0,3.71,false,false,english,none,normal,false,false,false,,1719600098000
667f03c76dc967ef98e01c74,,62.4,93.98,62.4,74.56,78;0;0;0,time,15,-1,1,15,0,1.36,false,false,english,none,normal,false,false,false,,1719600071000
667f03b06dc967ef98e01bb6,,65.6,95.35,65.6,71.9,82;0;0;0,time,15,-1,1,15,0,9.05,false,false,english,none,normal,false,false,false,,1719600048000
667f03946dc967ef98e01add,,67.2,97.73,70.4,75.21,84;1;0;0,time,15,-1,0,15,0,0,false,false,english,none,normal,false,false,false,,1719600020000
667f03846dc967ef98e01a59,,59.2,86.96,71.2,79.49,74;7;0;1,time,15,-1,2,15,0,6.87,false,false,english,none,normal,false,false,false,,1719600003000
667f035e6dc967ef98e01922,,70.38,95.74,72.78,73.64,88;0;0;1,time,15,-1,1,15,0,2.26,false,false,english,none,normal,false,false,false,,1719599966000
667f03416dc967ef98e01816,,76.79,97.98,78.39,83.59,96;1;0;0,time,15,-1,11,15,0,54.44,false,false,english,none,normal,false,false,false,,1719599937000
667f02e86dc967ef98e01516,,75.99,96.3,86.39,83.8,95;2;0;1,time,15,-1,0,15,0,0,false,false,english,none,normal,false,false,false,,1719599848000
667f02d56dc967ef98e01482,,79.98,100,79.98,83.88,100;0;0;0,time,15,-1,0,15,0,0,false,false,english,none,normal,false,false,false,,1719599829000
667f02bf6dc967ef98e013c4,,73.58,97.94,77.58,84.16,92;1;0;0,time,15,-1,1,15,0,12.01,false,false,english,none,normal,false,false,false,,1719599807000
667f02a06dc967ef98e012a1,,66.4,93.55,70.4,77.04,83;0;0;1,time,15,-1,0,15,0,0,false,false,english,none,normal,false,false,false,,1719599776000
667f01c26dc967ef98e00b02,,69.6,95.92,78.39,75.72,87;1;1;1,time,15,-1,8,15,0,37.47,false,false,english,none,normal,false,false,false,,1719599554000
667ecdb76dc967ef98de0a40,,69.57,93.27,83.17,77.37,87;4;0;1,time,15,-1,9,15.01,0,45.66,false,false,english,none,normal,false,false,false,,1719586231000
667ecd646dc967ef98de06ca,,83.98,100,83.98,87.22,105;0;0;0,time,15,-1,4,15,0,25.57,false,false,english,none,normal,false,false,false,,1719586148000
667ecd376dc967ef98de04c2,,64.77,90,85.56,87.14,81;3;0;2,time,15,-1,5,15.01,0,16.91,false,false,english,none,normal,false,false,false,,1719586103000
667e7a456dc967ef98daefb9,,80.78,98.08,80.78,77.99,101;0;0;0,time,15,-1,6,15,0,32.27,false,false,english,none,normal,false,false,false,,1719564869000
667e5cc46dc967ef98d9f94b,,70.4,95.1,80,81.24,88;1;0;1,time,15,-1,5,15,0,10.45,false,false,english,none,normal,false,false,false,,1719557316000
667dcca66dc967ef98d62112,,70.4,93.62,70.4,77.08,88;0;0;0,time,15,-1,8,15,0,40.27,false,false,english,none,normal,false,false,false,,1719520422000
667d57d16dc967ef98d18b87,,68.8,97.85,74.4,81.19,86;0;0;2,time,15,-1,0,15,0,0,false,false,english,none,normal,false,false,false,,1719490513000
667d57c06dc967ef98d18add,,79.98,98.11,84.78,84.1,100;1;0;0,time,15,-1,3,15,0,8.68,false,false,english,none,normal,false,false,false,,1719490496000
667d57466dc967ef98d1861d,,54.4,89.66,67.2,68.4,68;3;0;2,time,15,-1,2,15,0,9.4,false,false,english,none,normal,false,false,false,,1719490374000
667bc1d86dc967ef98c3a03f,,75.16,98,79.96,79.75,94;1;0;1,time,15,-1,0,15.01,0,0,false,false,english,none,normal,false,false,false,,1719386584000
667bc1c46dc967ef98c39f8f,,79.19,100,79.19,82.68,99;0;0;0,time,15,-1,0,15,0,0,false,false,english,none,normal,false,false,false,,1719386564000
667bc1b36dc967ef98c39ef8,,71.18,95.7,71.18,74.88,89;0;0;0,time,15,-1,0,15,0,0,false,false,english,none,normal,false,false,false,,1719386547000
667bc1a46dc967ef98c39e7d,,75.97,97.98,79.17,68.81,95;1;0;0,time,15,-1,12,15.01,0,82.02,false,false,english,none,normal,false,false,false,,1719386532000
667a801d6dc967ef98b87b9c,,79.94,97.14,83.14,80.48,100;1;0;0,time,15,-1,10,15.01,0,44.89,false,false,english,none,normal,false,false,false,,1719304221000
667a7e186dc967ef98b86834,,70.38,97.78,70.38,78.06,88;0;0;0,time,15,-1,1,15.01,0,1.62,false,false,english,none,normal,false,false,false,,1719303704000
667a7e026dc967ef98b86764,,80.79,99.02,80.79,84.62,101;0;0;0,time,15,-1,0,15,0,0,false,false,english,none,normal,false,false,false,,1719303682000
667a7df06dc967ef98b866c6,,83.19,99.05,83.19,72.9,104;0;0;0,time,15,-1,2,15,0,9.23,false,false,english,none,normal,false,false,false,,1719303664000
667a7d396dc967ef98b8604d,,77.54,98.06,82.34,85.09,97;1;0;0,time,15,-1,4,15.01,0,18.97,false,false,english,none,normal,false,false,false,,1719303481000
667a72e26dc967ef98b805cd,,71.96,96.77,71.96,74.88,90;0;0;0,time,15,-1,6,15.01,0,43.21,false,false,english,none,normal,false,false,false,,1719300834000
667a728b6dc967ef98b802aa,,79.11,97.06,79.11,84.62,99;0;0;0,time,15,-1,1,15.02,0,1.78,false,false,english,none,normal,false,false,false,,1719300747000
667a72526dc967ef98b8009e,,78.33,98.11,84.72,86.86,98;1;0;0,time,15,-1,2,15.01,0,4.8,false,false,english,none,normal,false,false,false,,1719300690000
667a71c06dc967ef98b7fbd7,,71.2,98.9,71.2,66.78,89;0;0;0,time,15,-1,0,15,0,0,false,false,english,none,normal,false,false,false,,1719300544000
667a71ae6dc967ef98b7fb4b,,75.97,97.94,75.97,71.84,95;0;0;0,time,15,-1,2,15.01,0,2.62,false,false,english,none,normal,false,false,false,,1719300526000
6678040f6dc967ef98a3fe0a,,73.54,95.05,79.94,73.73,92;3;0;1,time,15,-1,4,15.01,0,7.63,false,false,english,none,normal,false,false,false,,1719141391000
667803d06dc967ef98a3fbbb,,65.49,94.25,65.49,76.28,82;0;0;0,time,15,-1,1,15.03,0,6.92,false,false,english,none,normal,false,false,false,,1719141328000
667803b76dc967ef98a3fadd,,69.58,97.75,69.58,67.75,87;0;0;0,time,15,-1,5,15.01,0,32.18,false,false,english,none,normal,false,false,false,,1719141303000
6678035d6dc967ef98a3f7c1,,65.54,89.58,75.13,72.76,82;6;0;0,time,15,-1,1,15.01,0,3.45,false,false,english,none,normal,false,false,false,,1719141213000
667803436dc967ef98a3f6e4,true,77.16,94.57,87.95,81.63,193;5;2;0,time,30,-1,2,30.02,0,28.64,false,false,english,none,normal,false,false,false,,1719141187000
667800856dc967ef98a3e01b,true,70.37,97.84,71.97,70.37,176;0;0;1,time,30,-1,5,30.01,0,41.46,false,false,english,none,normal,false,false,false,,1719140485000
6677ff836dc967ef98a3d858,,73.6,95.88,73.6,81.39,92;0;0;0,time,15,-1,4,15,0,11.55,false,false,english,none,normal,false,false,false,,1719140227000
6677ff4f6dc967ef98a3d693,,75.15,100,75.15,82.07,94;0;0;0,time,15,-1,1,15.01,0,13.99,false,false,english,none,normal,false,false,false,,1719140175000
6677f2286dc967ef98a36935,,65.59,96.47,65.59,82.16,82;0;0;0,time,15,-1,1,15,0,13.82,false,false,english,none,normal,false,false,false,,1719136808000
6677f1f86dc967ef98a367a0,,64.8,89.8,78.4,87.67,81;6;1;2,time,15,-1,2,15,0,10.85,false,false,english,none,normal,false,false,false,,1719136760000
6677f1296dc967ef98a36105,,68.8,95.7,73.6,73.53,86;2;0;0,time,15,-1,0,15,0,0,false,false,english,none,normal,false,false,false,,1719136553000
6677f1176dc967ef98a3606d,,57.6,87.21,66.4,63.17,72;5;1;0,time,15,-1,0,15,0,0,false,false,english,none,normal,false,false,false,,1719136535000
6677f0fd6dc967ef98a35f8b,,68.79,89.11,79.18,78.67,86;7;1;1,time,15,-1,0,15,0,0,false,false,english,none,normal,false,false,false,,1719136509000
6677f0786dc967ef98a35b7f,,72.79,93.14,79.19,79.06,91;4;0;1,time,15,-1,0,15,0,0,false,false,english,none,normal,false,false,false,,1719136376000
6677f0426dc967ef98a359c9,,81.52,100,81.52,82.96,102;0;0;0,time,15,-1,0,15.02,0,0,false,false,english,none,normal,false,false,false,,1719136322000
6677f0176dc967ef98a35856,,73.54,92.31,82.33,77.37,92;5;0;1,time,15,-1,16,15.01,0,71.63,false,false,english,none,normal,false,false,false,,1719136279000
6675db686dc967ef989545b8,,70.35,88.5,88.73,83.3,88;5;2;1,time,15,-1,2,15.01,0,2.35,false,false,english,none,normal,false,false,false,,1718999912000
66733c996dc967ef987ee058,,73.55,96.84,73.55,76.46,92;0;0;0,time,15,-1,8,15.01,0,45.67,false,false,english,none,normal,false,false,false,,1718828185000
66733c506dc967ef987eddcc,,80.71,98.06,80.71,69.06,101;0;0;0,time,15,-1,4,15.02,0,11.23,false,false,english,none,normal,false,false,false,,1718828112000
66733bb36dc967ef987ed88c,,84.79,100,84.79,90.38,106;0;0;0,time,15,-1,3,15,0,15.03,false,false,english,none,normal,false,false,false,,1718827955000
66733b4b6dc967ef987ed55a,,75.98,98.04,80.78,80.49,95;0;0;2,time,15,-1,4,15,0,7.88,false,false,english,none,normal,false,false,false,,1718827851000
667339156dc967ef987ec2bb,,86.37,99.08,86.37,82.98,108;0;0;0,time,15,-1,0,15.01,0,0,false,false,english,none,normal,false,false,false,,1718827285000
667338dd6dc967ef987ec110,,71.19,97.85,73.59,75.58,89;1;0;0,time,15,-1,3,15,0,15.39,false,false,english,none,normal,false,false,false,,1718827229000
667338b86dc967ef987ebff1,,67.18,94.06,79.98,73.73,84;2;1;0,time,15,-1,3,15,0,10.33,false,false,english,none,normal,false,false,false,,1718827192000
6673389a6dc967ef987ebf0a,,64.76,95.6,70.35,61.26,81;0;0;1,time,15,-1,14,15.01,0,65.86,false,false,english,none,normal,false,false,false,,1718827162000
667338116dc967ef987ebad5,,78.35,98.06,81.55,76.3,98;0;0;1,time,15,-1,8,15.01,0,50.82,false,false,english,none,normal,false,false,false,,1718827025000
663f9efb866cd8bb798dba57,,82.39,98.1,82.39,81.19,103;0;0;0,time,15,-1,13,15,0,52.34,false,false,english,none,normal,false,false,false,,1715445499000
663f9ea5866cd8bb798db6f8,,64,88.46,80.8,79.29,80;7;0;3,time,15,-1,27,15,0,98.84,false,false,english,none,normal,false,false,false,,1715445413000
663f9d86866cd8bb798dab99,,82.39,97.2,82.39,84.76,103;0;0;0,time,15,-1,11,15,0,55.58,false,false,english,none,normal,false,false,false,,1715445126000
663f9d32866cd8bb798da88e,,75.2,93.4,81.6,79.68,94;2;0;0,time,15,-1,7,15,0,29.54,false,false,english,none,normal,false,false,false,,1715445042000
663f9ad9866cd8bb798d922c,,75.91,96.15,82.3,84.68,95;1;1;0,time,15,-1,22,15.02,0,92.31,false,false,english,none,normal,false,false,false,,1715444441000
65f7ffad9c9c7becc543f133,,86.39,100,86.39,84.62,108;0;0;0,time,15,-1,1,15,0,0.94,false,false,english,none,normal,false,false,false,,1710751661000
65f5e07a9c9c7becc53464bd,,79.19,97.12,81.59,87.69,99;0;0;1,time,15,-1,6,15,0,49.02,false,false,english,none,normal,false,false,false,,1710612602000
65f5bd919c9c7becc5331ede,,67.93,93.07,78.32,73.73,85;2;0;1,time,15,-1,4,15.02,0,10.36,false,false,english,none,normal,false,false,false,,1710603665000
65f5bd539c9c7becc5331c6d,true,72.77,95.79,72.77,68.08,91;0;0;0,time,15,-1,1,15.01,0,3.33,false,false,english,none,expert,false,false,false,,1710603603000
65f5bd399c9c7becc5331b54,,59.19,82.18,76.79,77.99,74;9;1;1,time,15,-1,6,15,0,60.41,false,false,english,none,normal,false,false,false,,1710603577000
65edff4ed7bfb8ea573f9978,true,89.52,100,89.52,85.44,112;0;0;0,time,15,-1,0,15.01,0,0,false,false,english,none,normal,false,false,false,,1710096206000
65edfec9d7bfb8ea573f9495,,84.72,100,84.72,90.38,106;0;0;0,time,15,-1,9,15.02,0,52.67,false,false,english,none,normal,false,false,false,,1710096073000
65edfe7fd7bfb8ea573f91c2,,82.36,98.11,84.76,84.96,103;1;0;1,time,15,-1,12,15.01,0,66.46,false,false,english,none,normal,false,false,false,,1710095999000
65edfbead7bfb8ea573f7a26,,71.14,95.92,76.73,73.87,89;1;0;1,time,15,-1,13,15.01,0,36.02,false,false,english,none,normal,false,false,false,,1710095338000
65edd698d7bfb8ea573e18a1,,81.52,100,81.52,87.75,102;0;0;0,time,15,-1,8,15.02,0,35.31,false,false,english,none,normal,false,false,false,,1710085784000
65edb94fd7bfb8ea573d039e,,83.17,100,83.17,80.67,104;0;0;0,time,15,-1,17,15.01,0,69.99,false,false,english,none,normal,false,false,false,,1710078287000
65eda42dd7bfb8ea573c3bb8,,80.76,100,80.76,78.67,101;0;0;0,time,15,-1,3,15.01,0,18.75,false,false,english,none,normal,false,false,false,,1710072877000
65eda3e4d7bfb8ea573c3936,,78.36,99.02,81.56,82.03,98;0;0;1,time,15,-1,10,15.01,0,46.29,false,false,english,none,normal,false,false,false,,1710072804000
65eda2ded7bfb8ea573c3063,,64.78,93.18,68.78,77.67,81;2;0;2,time,15,-1,59,15,0,314.27,false,false,english,none,normal,false,false,false,,1710072541000
65ea9afcd7bfb8ea5722665f,,77.57,92.59,84.77,80.89,97;4;1;0,time,15,-1,0,15.01,0,0,false,false,english,none,normal,false,false,false,,1709873916000
65e9e36cd7bfb8ea571ab58a,,75.97,94.06,75.97,74.3,95;0;0;0,time,15,-1,0,15.01,0,0,false,false,english,none,normal,false,false,false,,1709826924000
65394a9505870322332f283d,,81.56,100,81.56,79.06,102;0;0;0,time,15,-1,1,15.01,0,5.18,false,false,english,none,normal,false,false,false,,1698253461000
653946aa05870322332774bc,,69.56,97.83,71.96,70.31,87;1;0;0,time,15,-1,3,15.01,0,21.24,false,false,english,none,normal,false,false,false,,1698252458000
6538b7b00587032233efa775,,83.95,96.33,87.15,87.22,105;3;0;1,time,15,-1,3,15.01,0,12,false,false,english,none,normal,false,false,false,,1698215856000
6537d3a90587032233026f7a,,77.59,100,77.59,75.47,97;0;0;0,time,15,-1,0,15,0,0,false,false,english,none,normal,false,false,false,,1698157481000
6537d3980587032233026e74,,67.92,94.62,73.52,72.25,85;4;0;0,time,15,-1,2,15.02,0,15.41,false,false,english,none,normal,false,false,false,,1698157464000
6537d33a0587032233026850,,70.27,94.62,70.27,67.11,88;0;0;0,time,15,-1,5,15.03,0,23.8,false,false,english,none,normal,false,false,false,,1698157370000
65378ecf058703223372255f,true,60.88,93.54,65.63,66.8,474;11;2;4,words,100,-1,1,93.43,1,5.06,false,false,english,none,normal,false,false,false,,1698139855000
65377f8805870322334c705f,true,62.66,90.71,68.1,64.7,242;4;1;0,words,50,-1,0,46.34,0,0,false,false,english,none,normal,false,false,false,,1698135944000
65377c58058703223344e5b4,,68.78,91.58,75.17,71.37,86;5;0;1,time,15,-1,1,15.01,0,5.58,false,false,english,none,normal,false,false,false,,1698135128000
652918b8438cfd693d96ec14,true,71.56,95.42,84.58,83.77,110;2;0;2,words,25,-1,5,18.45,0,35.52,false,false,english,none,normal,false,false,false,,1697192120000
65291878438cfd693d933e70,true,70.74,91.3,90.39,60.29,36;2;0;1,words,10,-1,0,6.11,0,0,false,false,english,none,normal,false,false,false,,1697192056000
65291862438cfd693d933dd1,true,65.09,92.96,73.09,73.42,651;19;3;7,time,120,-1,1,120.02,0,1.01,false,false,english,none,normal,false,false,false,,1697192034000
652917de438cfd693d9339fa,true,61.38,90.08,68.58,67.3,307;15;1;3,time,60,-1,0,60.02,0,0,false,false,english,none,normal,false,false,false,,1697191902000
65291783438cfd693d93375a,,76.73,97.98,76.73,78.01,96;0;0;0,time,15,-1,7,15.01,0,42.47,false,false,english,none,normal,false,false,false,,1697191811000
6527f137438cfd693d207c0e,,77.59,98.98,77.59,81.58,97;0;0;0,time,15,-1,3,15,0,8.57,false,false,english,none,normal,false,false,false,,1697116471000
6527a43c438cfd693d83e869,,76.72,97.03,76.72,74.87,96;0;0;0,time,15,-1,2,15.02,0,3.58,false,false,english,none,normal,false,false,false,,1697096764000
6524fa044cb4fabb7d6623da,,81.57,100,81.57,86.63,102;0;0;0,time,15,-1,0,15.01,0,0,false,false,english,none,normal,false,false,false,,1696922116000
6524f6ad4cb4fabb7d5eb8dc,,75.12,96.91,75.12,74.83,94;0;0;0,time,15,-1,3,15.02,0,12.65,false,false,english,none,normal,false,false,false,,1696921261000
6523cfec4cb4fabb7dee7621,,80.72,95.54,89.51,85.44,101;3;0;0,time,15,-1,3,15.02,0,9.02,false,false,english,none,normal,false,false,false,,1696845804000
65238c524cb4fabb7d5e0686,,66.33,94,75.92,86.96,83;0;0;2,time,15,-1,7,15.02,0,38.56,false,false,english,none,normal,false,false,false,,1696828498000
651fb94e4cb4fabb7d5218e8,,73.56,96.15,82.36,75.04,92;1;0;2,time,15,-1,4,15.01,0,15.4,false,false,english,none,normal,false,false,false,,1696577870000
651fb7fc4cb4fabb7d520f04,true,89.51,100,89.51,84.64,112;0;0;0,time,15,-1,0,15.02,0,0,false,false,english,none,normal,false,false,false,,1696577532000
651fb3e84cb4fabb7d435cb1,,73.54,92.66,87.13,80.89,92;6;0;1,time,15,-1,3,15.01,0,24.55,false,false,english,none,normal,false,false,false,,1696576488000
651e64844cb4fabb7d837ce1,,75.99,94.17,81.59,71.43,95;4;0;1,time,15,-1,1,15,0,0.95,false,false,english,none,normal,false,false,false,,1696490628000
651e511d4cb4fabb7d5e88a8,true,85.57,98.17,85.57,80.24,107;0;0;0,time,15,-1,3,15.01,0,22.93,false,false,english,none,normal,false,false,false,,1696485661000
651a8aac36bd0a3b028d61d9,,72.69,93.94,77.49,77.32,91;3;0;1,time,15,-1,2,15.02,0,17,false,false,english,none,normal,false,false,false,,1696238252000
651a8a3636bd0a3b028d5e12,,75.99,98.96,75.99,73.36,95;0;0;0,time,15,-1,1,15,0,5.69,false,false,english,none,normal,false,false,false,,1696238134000
6518772636bd0a3b02321579,,71.98,94.85,75.98,81.39,90;2;0;1,time,15,-1,0,15,0,0,false,false,english,none,normal,false,false,false,,1696102182000
651876fd36bd0a3b0232143a,,78.36,100,78.36,89.01,98;0;0;0,time,15,-1,6,15.01,0,58.15,false,false,english,none,normal,false,false,false,,1696102141000
6517e78936bd0a3b020c3403,,66.39,91.21,67.99,77.11,83;1;0;1,time,15,-1,0,15,0,0,false,false,english,none,normal,false,false,false,,1696065417000
6502af7ab3a5cd1526264378,,74.37,97.92,76.77,66.84,93;1;0;0,time,15,-1,3,15.01,1,8.87,false,false,english,none,normal,false,false,false,,1694674810000
6502ae78b3a5cd152622ae48,,76.77,99.02,81.57,83.71,96;0;0;1,time,15,-1,3,15.01,0,18.77,false,false,english,none,normal,false,false,false,,1694674552000
65015b201f44667c8e20d013,,77.57,98,78.37,82.11,97;1;0;0,time,15,-1,0,15.01,0,0,false,false,english,none,normal,false,false,false,,1694587680000
65015b0c1f44667c8e20cf79,,75.98,95.15,79.98,74.02,95;1;0;0,time,15,-1,1,15,0,3.83,false,false,english,none,normal,false,false,false,,1694587660000
64fef84a1f44667c8e38817f,,61.56,92.94,61.56,47.53,77;0;0;0,time,15,-1,0,15.01,0,0,false,false,english,none,normal,false,false,false,,1694431306000
64fdf6251f44667c8e28ee66,,54.39,93.33,54.39,64.99,68;0;0;0,time,15,-1,2,15,0,5.65,false,false,english,none,normal,false,false,false,,1694365221000
64fde9491f44667c8e0fb7e8,,72.77,97.94,77.57,84.16,91;1;0;1,time,15,-1,8,15.01,0,29.37,false,false,english,none,normal,false,false,false,,1694361929000
64fde16b1f44667c8e014a95,,63.98,95.4,67.98,75.46,80;2;0;1,time,15,-1,2,15,0,19.63,false,false,english,none,normal,false,false,false,,1694359915000
64f70f051f44667c8e13dd10,,60.79,97.53,63.99,63.72,76;0;0;1,time,15,-1,4,15,0,20.28,false,false,english,none,normal,false,false,false,,1693912837000
64f328d25123776c1c124732,true,79.17,98.08,83.17,82.96,99;1;0;0,time,15,-1,0,15.01,0,0,false,false,english,none,normal,false,false,false,,1693657298000
64f328185123776c1c124285,,71.18,96.77,71.18,62.67,89;0;0;0,time,15,-1,0,15.01,0,0,false,false,english,none,normal,false,false,false,,1693657112000
647dc997db6295593411152f,true,77.55,100,77.55,81.39,97;0;0;0,time,15,-1,1,15.01,0,1.1,false,false,english,none,normal,false,false,false,,1685965206000
64358ba632a956cd0a68e847,,59.96,92.22,70.35,66.12,75;3;0;0,time,15,-1,6,15.01,0,23.62,false,false,english,none,normal,false,false,false,,1681230758000
6435611932a956cd0a1ec1d9,,67.16,93.88,78.35,79.19,84;4;0;1,time,15,-1,0,15.01,0,0,false,false,english,none,normal,false,false,false,,1681219865000
6435610932a956cd0a1ec112,,56,87.21,64.8,62.09,70;6;0;1,time,15,-1,4,15,0,16.05,false,false,english,none,normal,false,false,false,,1681219849000
64352f1032a956cd0ac317cc,,64,91.49,71.2,65.8,80;3;0;0,time,15,-1,0,15,0,0,false,false,english,none,normal,false,false,false,,1681207056000
64352ef932a956cd0ac31718,true,75.95,94.5,87.14,81.56,95;3;0;1,time,15,-1,0,15.01,0,0,false,false,english,none,normal,false,false,false,,1681207033000
64352e9e32a956cd0ac314ac,true,69.6,97.83,72,64.85,87;0;0;1,time,15,-1,1,15,0,7.63,false,false,english,none,normal,false,false,false,,1681206942000
64352e8532a956cd0ac313fa,,55.2,91.67,62.4,70.99,69;3;0;0,time,15,-1,1,15,0,11.67,false,false,english,none,normal,false,false,false,,1681206917000
64352e0632a956cd0ac31095,true,66.36,93.07,80.75,84.22,83;4;0;1,time,15,-1,4,15.01,0,7.69,false,false,english,none,normal,false,false,false,,1681206790000
64352da332a956cd0ac30ddf,true,54.36,90.11,69.55,67.89,68;2;0;1,time,15,-1,2,15.01,0,30.39,false,false,english,none,normal,false,false,false,,1681206691000
629c6d3c19a21b44848405c4,,43.59,91.8,45.58,61.96,109;2;0;0,time,30,-1,0,30.01,0,0,false,false,english,none,normal,false,false,false,,1654418748000
629ba4f419a21b4484b023f6,,38.4,85,43.6,56.74,96;7;0;0,time,30,-1,0,30,0,0,false,false,english,none,normal,false,false,false,,1654367476000
629ba4d519a21b4484b02346,,40,88.8,45.2,59.82,100;3;0;0,time,30,-1,0,30,1,0,false,false,english,none,normal,false,false,false,,1654367445000
629ba4b319a21b4484b02282,,41.6,89.39,50.4,64.03,104;5;0;1,time,30,-1,0,30,0,0,false,false,english,none,normal,false,false,false,,1654367411000
629ba47819a21b4484ac7951,,43.2,94.07,44.8,64.7,108;1;0;1,time,30,-1,1,30,0,1.49,false,false,english,none,normal,false,false,false,,1654367352000
629ba44a19a21b4484ac7853,,41.2,86.78,43.2,59.8,103;2;1;0,time,30,-1,0,30,0,0,false,false,english,none,normal,false,false,false,,1654367306000
629ba40719a21b4484ac76ec,,44.8,90.3,50,64.03,112;4;1;0,time,30,-1,0,30,0,0,false,false,english,none,normal,false,false,false,,1654367239000
629ba3d519a21b4484ac75f0,,50.8,94.93,53.2,71.05,127;1;0;0,time,30,-1,0,30,0,0,false,false,english,none,normal,false,false,false,,1654367189000
629ba3ae19a21b4484ac7520,,36.4,90.83,39.6,53.74,91;2;0;0,time,30,-1,0,30,2,0,false,false,english,none,normal,false,false,false,,1654367150000
629ba38a19a21b4484ac744c,,34.4,85.58,34.4,43.65,86;0;0;0,time,30,-1,0,30,1,0,false,false,english,none,normal,false,false,false,,1654367114000
629ba36919a21b4484ac739a,,38.8,84.44,50.8,66.67,97;7;0;0,time,30,-1,0,30,0,0,false,false,english,none,normal,false,false,false,,1654367081000
629ba32419a21b4484ac723d,,28.8,100,28.8,63.37,72;0;0;0,time,30,-1,0,30,0,0,false,false,english,none,normal,false,false,false,,1654367012000
629ba2d019a21b4484ac7085,,44.39,90.37,50.38,60.37,111;3;0;0,time,30,-1,2,30.01,0,7.69,false,false,english,none,normal,false,false,false,,1654366928000
629ba24819a21b4484ac6dbd,,35.99,87.16,35.99,50.11,90;0;0;0,time,30,-1,0,30.01,0,0,false,false,english,none,normal,false,false,false,,1654366792000
629ba20c19a21b4484ac6c8e,,48.4,95.31,48.4,66.9,121;0;0;0,time,30,-1,0,30,0,0,false,false,english,none,normal,false,false,false,,1654366732000
629b1d7419a21b44841ed8d1,,30,79.61,36,37.71,75;5;2;0,time,30,-1,0,30,3,0,false,false,english,none,normal,false,false,false,,1654332788000
62973ea797eb97c50c956cc4,,43.19,88.28,47.98,64.24,108;5;0;0,time,30,-1,0,30.01,0,0,false,false,english,none,normal,false,false,false,,1654079143000
62973e8297eb97c50c956c04,,49.18,98.41,49.18,67.24,123;0;0;0,time,30,-1,0,30.01,0,0,false,false,english,none,normal,false,false,false,,1654079106000
62973cb297eb97c50c95628c,,43.19,89.52,44.79,65.38,108;3;0;0,time,30,-1,0,30.01,0,0,false,false,english,none,normal,false,false,false,,1654078642000
6295db2097eb97c50c1e0994,,41.59,91.53,43.59,58.55,104;1;0;0,time,30,-1,0,30.01,0,0,false,false,english,none,normal,false,false,false,,1653988128000
6295c97b97eb97c50c0b817f,,37.6,86.96,37.6,46.25,94;0;0;0,time,30,-1,0,30,0,0,false,false,english,none,normal,false,false,false,,1653983611000
6294b1a8aa6e79fc171db90e,,43.99,92.8,43.99,60.3,110;0;0;0,time,30,-1,0,30.01,0,0,false,false,english,none,normal,false,false,false,,1653911976000
6294a741aa6e79fc17163de6,,38.8,95.1,38.8,54.74,97;0;0;0,time,30,-1,0,30,0,0,false,false,english,none,normal,false,false,false,,1653909313000
6294a71aaa6e79fc17129ddd,,45.2,91.2,45.2,64.37,113;0;0;0,time,30,-1,0,30,0,0,false,false,english,none,normal,false,false,false,,1653909274000
6294a611aa6e79fc17129833,,42,87.69,45.2,56.12,105;1;1;0,time,30,-1,0,30,0,0,false,false,english,none,normal,false,false,false,,1653909009000
6294a5e6aa6e79fc1712975e,,44.4,94.26,44.4,63.03,111;0;0;0,time,30,-1,0,30,0,0,false,false,english,none,normal,false,false,false,,1653908966000
6294a58eaa6e79fc1712958c,,44.4,91.41,45.6,62.26,111;1;0;0,time,30,-1,0,30,0,0,false,false,english,none,normal,false,false,false,,1653908878000
6294a568aa6e79fc171294b1,,45.98,94.49,45.98,65.68,115;0;0;0,time,30,-1,0,30.01,0,0,false,false,english,none,normal,false,false,false,,1653908840000
6294a524aa6e79fc17129346,,34,82.3,37.2,49.42,85;2;1;0,time,30,-1,0,30,0,0,false,false,english,none,normal,false,false,false,,1653908772000
6294a4e6aa6e79fc171291dd,,36.79,86.96,39.99,45.04,92;1;0;0,time,30,-1,1,30.01,0,4.85,false,false,english,none,normal,false,false,false,,1653908710000
629336ebaa6e79fc1792f672,,47.58,90.3,47.58,60.5,119;0;0;0,time,30,-1,0,30.01,0,0,false,false,english,none,normal,false,false,false,,1653815019000
6291e5a60bb4c9652c35aee4,,42.39,90.83,44.39,53.96,106;2;0;0,time,30,-1,0,30.01,1,0,false,false,english,none,normal,false,false,false,,1653728678000
6291e51d0bb4c9652c35ac4f,,44.39,90.55,47.98,54.14,111;3;0;0,time,30,-1,0,30.01,1,0,false,false,english,none,normal,false,false,false,,1653728541000
6291cd690bb4c9652c1bf431,,37.99,86.78,43.19,64.09,95;3;0;0,time,30,-1,0,30.01,0,0,false,false,english,none,normal,false,false,false,,1653722473000
6291cc3d0bb4c9652c1bef34,,36.79,95.15,38.79,57.04,92;0;1;0,time,30,-1,0,30.01,0,0,false,false,english,none,normal,false,false,false,,1653722173000
6291c53c0bb4c9652c149598,,30.4,94.05,30.4,16.83,76;0;0;0,time,30,-1,0,30,7,0,false,false,english,none,normal,false,false,false,,1653720380000
6291c4da0bb4c9652c12c6df,,33.19,81.48,34.39,46.69,83;1;0;0,time,30,-1,0,30.01,0,0,false,false,english,none,normal,false,false,false,,1653720282000
629130390bb4c9652c7695c8,,46,93.6,47.2,61.28,115;1;0;0,time,30,-1,0,30,0,0,false,false,english,none,normal,false,false,false,,1653682233000
629130150bb4c9652c7694d2,,33.6,77.19,33.6,50.45,84;0;0;0,time,30,-1,0,30,0,0,false,false,english,none,normal,false,false,false,,1653682197000
62912f360bb4c9652c768f43,,39.59,88.89,41.59,60.66,99;1;0;0,time,30,-1,1,30.01,0,17.14,false,false,english,none,normal,false,false,false,,1653681974000
62912efd0bb4c9652c768de0,,40.8,94.87,45.2,54.5,102;1;0;1,time,30,-1,0,30,1,0,false,false,english,none,normal,false,false,false,,1653681917000
62909156f085737d1cdd871c,,50.38,92.14,51.18,60.77,126;1;0;0,time,30,-1,1,30.01,0,7.86,false,false,english,none,normal,false,false,false,,1653641558000
629090b3f085737d1cdd83fa,,35.99,86.49,35.99,50.68,90;0;0;0,time,30,-1,1,30.01,1,20.1,false,false,english,none,normal,false,false,false,,1653641395000
62908cb0f085737d1cd9d3a0,true,40,89.66,40,49.81,100;0;0;0,time,30,-1,6,30,1,54.99,false,false,english,none,expert,false,false,false,,1653640368000
62908aaef085737d1cd62d96,true,39.99,87.5,42.39,56.74,100;1;1;0,time,30,-1,3,30.01,0,49.88,false,false,english,none,expert,false,false,false,,1653639854000
629080c5f085737d1ccb2a3a,true,50.4,95.45,50.4,67.02,63;0;0;0,time,15,-1,3,15,0,27.95,false,false,english,none,expert,false,false,false,,1653637317000
62907fb3f085737d1ccb253b,true,28,93.33,28,19.89,70;0;0;0,time,30,-1,0,30,7,0,false,false,english,none,expert,false,false,false,,1653637043000
628edacead7422b58f48c82f,,38.4,91.51,38.4,53.43,96;0;0;0,time,30,-1,0,30,0,0,false,false,english,none,normal,false,false,false,,1653529294000
628eda77ad7422b58f48c5fa,,47.6,93.08,47.6,65.61,119;0;0;0,time,30,-1,0,30,0,0,false,false,english,none,normal,false,false,false,,1653529207000
628ed81dad7422b58f48b6a2,,48,96.9,50.4,67.04,120;0;0;1,time,30,-1,0,30,0,0,false,false,english,none,normal,false,false,false,,1653528605000
628ed7faad7422b58f451caa,,36.4,90.48,38.4,56.55,91;2;0;0,time,30,-1,0,30,0,0,false,false,english,none,normal,false,false,false,,1653528570000
628ed7d4ad7422b58f451bb9,,50.4,94.78,50.4,68.48,126;0;0;0,time,30,-1,0,30,0,0,false,false,english,none,normal,false,false,false,,1653528532000
628ed739ad7422b58f4517ca,true,54.8,99.28,54.8,69.47,137;0;0;0,time,30,-1,0,30,0,0,false,false,english,none,normal,false,false,false,,1653528377000
628ed6bbad7422b58f4514d3,true,49.58,99.21,49.58,69.7,124;0;0;0,time,30,-1,0,30.01,0,0,false,false,english,none,normal,false,false,false,,1653528251000
628ed5faad7422b58f451023,,42.4,93.04,42.4,60.13,106;0;0;0,time,30,-1,0,30,0,0,false,false,english,none,normal,false,false,false,,1653528058000
628ed5c4ad7422b58f450eec,,46.4,92.91,46.4,62.08,116;0;0;0,time,30,-1,0,30,0,0,false,false,english,none,normal,false,false,false,,1653528004000
628ed44bad7422b58f416c32,,38,90.27,40.4,57.4,95;1;0;0,time,30,-1,0,30,0,0,false,false,english,none,normal,false,false,false,,1653527627000
628ed426ad7422b58f416b2c,,43.2,91.87,44.4,64.75,108;1;0;0,time,30,-1,0,30,0,0,false,false,english,none,normal,false,false,false,,1653527590000
628ed3fead7422b58f4169fb,,39.2,90.18,39.2,52.2,98;0;0;0,time,30,-1,0,30,0,0,false,false,english,none,normal,false,false,false,,1653527550000
628ec6b2ad7422b58f3650d8,true,48.8,99.19,48.8,70.9,122;0;0;0,time,30,-1,0,30,0,0,false,false,english,none,normal,false,false,false,,1653524146000